# NASA Exoplanet Archive, accessed 2023-10-08, single-star filter (sy_snum=1)
# st_lum: raw NASA log10(L/Lsun) value (back-computed from corrected luminosity)
# luminosity_W = 10^(st_lum) * L_sun, where L_sun = 3.828e26 W
# Original data used exp(st_lum) incorrectly; this file has the corrected values
# Constants: G=6.67430e-11, L_sun=3.828e26, k_gyr_to_s=3.15576e16
name,mass_kg,radius_m,distance_m,albedo,star_age_Gyr,st_lum,luminosity_W,tidal_energy_J
HAT-P-18 b,3.739175637e+26,71055856.6852,8362640000.0,0.29,12.4,-0.5695226025726465,1.0314527225435932e+26,1.902957488524659e+39
HD 136352 c,6.71271908e+25,18577860.4944,25746160000.0,0.29,12.3,0.01547739742735352,3.966882406585722e+26,0.0
HD 136352 d,5.26745394e+25,16322523.5208,63580000000.0,0.29,12.3,0.01547739742735352,3.966882406585722e+26,0.0
HD 136352 b,2.81886424e+25,10601357.9776,14421440000.0,0.29,12.3,0.01547739742735352,3.966882406585722e+26,0.0
HATS-72 b,2.380260908596e+26,51586055.0148,9950943200.000002,0.29,12.17,-0.6595226025726465,8.383962488639743e+25,2.1470437482911855e+36
HATS-77 b,2.6080241239190997e+27,83192627.68720001,5396072000.0,0.29,12.1,-0.9925226025726467,3.8944786428676954e+25,2.1289010642310062e+40
Kepler-10 c,1.1944339999999998e+26,14188235.7068,36008720000.0,0.29,11.9,0.0014773974273533774,3.841044392689286e+26,0.0
Kepler-10 b,2.72330952e+25,9021347.8944,2519264000.0,0.29,11.9,0.0014773974273533774,3.841044392689286e+26,0.0
HATS-38 b,1.404619745414e+26,43845279.8088,7533856000.0,0.29,11.89,0.07147739742735346,4.512833665384833e+26,0.0
HAT-P-68 b,1.3742495887564e+27,76554036.9344,4482016000.0,0.29,11.1,-0.7795226025726467,6.359885933767974e+25,4.64521765313149e+40
HD 20329 b,4.43135014e+25,10958134.448,2692800000.0,0.29,11.0,0.04847739742735323,4.280054770056836e+26,0.0
TOI-2589 b,6.643438444141399e+27,77127427.6904,44880000000.0,0.29,11.0,-0.004522602572646637,3.788343287908234e+26,5.360124882813692e+35
HATS-15 b,4.118952496687e+27,78911310.0424,4057151999.999999,0.29,11.0,-0.20452260257264673,2.390283020917943e+26,1.9799349534228897e+42
TOI-561 d,7.883264399999998e+25,17966243.688,23636800000.0,0.29,11.0,-0.2735226025726466,2.039150717679406e+26,1.710874875410823e+33
TOI-561 e,7.524934199999999e+25,16246071.42,49068800000.0,0.29,11.0,-0.2735226025726466,2.039150717679406e+26,1.8087989935868527e+30
TOI-561 c,3.2189996299999996e+25,18539634.444,13224640000.0,0.29,11.0,-0.2735226025726466,2.039150717679406e+26,9.413700666329466e+33
TOI-561 b,1.194434e+25,9078686.97,1585760000.0,0.29,11.0,-0.2735226025726466,2.039150717679406e+26,0.0
HD 219134 f,4.3596840999999995e+25,8346021.004000001,21886480000.000004,0.29,11.0,-0.5775226025726464,1.0126265886795356e+26,9.781403109928862e+31
HD 219134 d,9.65699889e+25,10257323.524000002,35455200000.0,0.29,11.0,-0.5775226025726464,1.0126265886795356e+26,6.396503527594037e+30
HD 219134 c,2.60386612e+25,9626593.6924,9768880000.0,0.29,11.0,-0.5775226025726464,1.0126265886795356e+26,1.488414728403161e+34
HD 219134 b,2.83080858e+25,10206355.4568,5798496000.0,0.29,11.0,-0.5775226025726464,1.0126265886795356e+26,0.0
Wolf 503 b,3.73857842e+25,13015970.161200002,8536176000.0,0.29,11.0,-0.6765226025726468,8.062121270584036e+25,5.404333024304386e+36
TOI-5542 b,2.505525382695e+27,72056105.00400001,49667200000.0,0.29,10.8,1.0564773974273534,4.3596269291798383e+27,1.821509760744439e+32
TOI-2641 b,7.326763863408999e+26,115334365.06520002,9080720000.0,0.29,10.8,0.3394773974273533,8.36467991000176e+26,1.339597476246478e+41
HATS-9 b,1.5887388201507e+27,76057098.2792,4559808000.0,0.29,10.8,0.22947739742735343,6.493058661660813e+26,1.0754314144025188e+42
K2-111 b,5.1360662e+25,12104915.96,9290160000.0,0.29,10.77,0.27847739742735345,7.268575845437637e+26,0.0
Kepler-10 c,8.34909366e+25,14971869.740000002,36053600000.0,0.29,10.6,0.0014773974273533774,3.841044392689286e+26,0.0
HATS-49 b,6.700415812582999e+26,54631397.03,6754440000.0,0.29,10.5,-0.7855226025726466,6.272625027429849e+25,1.2577045515939667e+39
HATS-63 b,1.822209399456e+27,86193372.6436,6022896000.0,0.29,10.3,0.01147739742735343,3.930513810078232e+26,2.0497276648230393e+41
HAT-P-21 b,7.711797427129999e+27,73126434.41520001,7390240000.0,0.29,10.2,0.02447739742735342,4.049946876108705e+26,5.681887593709662e+40
HD 3167 c,6.3723053899999994e+25,18622457.553200003,26673679999.999996,0.29,10.2,-0.2705226025726468,2.0532854351932773e+26,1.3180706352894488e+33
HD 3167 b,2.82483641e+25,10365630.6668,2695792000.0,0.29,10.2,-0.2705226025726468,2.0532854351932773e+26,9.134982582064432e+38
Kepler-18 c,1.03318541e+26,34976836.116000004,11249920000.0,0.29,10.0,-0.03152260257264657,3.559994496068451e+26,0.0
Kepler-18 d,9.7943588e+25,44469638.63200001,17533120000.0,0.29,10.0,-0.03152260257264657,3.559994496068451e+26,0.0
Kepler-18 b,4.1207973e+25,12742016.8,6687119999.999999,0.29,10.0,-0.03152260257264657,3.559994496068451e+26,0.0
TOI-561 c,4.180519e+25,18475924.36,13284480000.0,0.29,10.0,-0.28252260257264655,1.9973277067059394e+26,0.0
TOI-561 b,1.9110944e+25,9237962.18,1591744000.0,0.29,10.0,-0.28252260257264655,1.9973277067059394e+26,0.0
TOI-561 b,1.33776608e+25,8728281.508000001,1585760000.0,0.29,10.0,-0.28252260257264655,1.9973277067059394e+26,0.0
G 9-40 b,6.987438899999999e+25,12901292.01,5759600000.0,0.29,9.9,-1.9715226025726467,4.0874205731699616e+24,0.0
TOI-2977 b,3.1888504436324e+27,83836099.5356,5065456000.0,0.29,9.8,0.036477397427353515,4.163411395186147e+26,0.0
NGTS-6 b,2.5416024852828996e+27,94692297.8492,2508792000.0,0.29,9.77,-0.5925226025726467,9.78248806082321e+25,0.0
Kepler-46 b,1.6798492901234996e+27,57842385.26360001,29486160000.0,0.29,9.7,-0.25552260257264664,2.1254423341971095e+26,9.043850145812128e+33
Kepler-46 b,1.1388928189999998e+28,57702223.07880001,29441280000.0,0.29,9.7,-0.25552260257264664,2.1254423341971095e+26,8.762880522120147e+32
HATS-2 b,2.55288170471e+27,83409241.9728,3440800000.0,0.29,9.7,-0.2685226025726467,2.0627629701438133e+26,0.0
HATS-44 b,1.062955483016e+27,76197260.46400002,5458904000.0,0.29,9.7,-0.39852260257264666,1.5291473151439078e+26,7.536971595216573e+41
HATS-62 b,3.397661276069e+26,75337174.33,6227848000.0,0.29,9.55,-0.17352260257264673,2.567138656964917e+26,3.3266156966596282e+41
HATS-16 b,6.206900766897e+27,92838334.4048,5601024000.0,0.29,9.5,0.1724773974273532,5.69441777801032e+26,0.0
TOI-2818 b,1.3476689531289e+27,97336266.3352,7375279999.999999,0.29,9.5,0.1634773974273534,5.5776251862943665e+26,0.0
HD 89345 b,2.13206469e+26,43705117.624000005,15708000000.0,0.29,9.4,0.3554773974273534,8.678593095848884e+26,1.6657875816885244e+37
HAT-P-52 b,1.5526742591198e+27,72056105.00400001,5526224000.0,0.29,9.4,-0.3055226025726465,1.894302474302352e+26,1.5542132576114287e+40
TOI-1064 c,1.4930424999999998e+25,16889543.2684,14105784000.0,0.29,9.4,-0.6235226025726467,9.108551675102514e+25,2.2291599326729448e+34
TOI-1064 b,8.062429499999999e+25,16481798.730800005,9203392000.0,0.29,9.4,-0.6235226025726467,9.108551675102514e+25,1.3840733412498505e+35
K2-261 b,3.5684754907579996e+26,60702968.03520001,15468640000.0,0.29,9.3,0.3274773974273535,8.13671916023717e+26,1.7832794618138048e+38
TOI-1478 b,1.6153127072260998e+27,75700321.8088,13508880000.0,0.29,9.1,-0.013522602572646699,3.710644311796378e+26,7.251859548023911e+36
HATS-53 b,1.1293902007044998e+27,95692546.168,7110488000.0,0.29,9.0,0.0444773974273534,4.2408149920629835e+26,5.551937073116944e+41
HAT-P-63 b,1.1654489090088e+27,79911558.3612,6423824000.0,0.29,9.0,-0.1465226025726467,2.731802678622964e+26,1.9412981690738822e+40
HAT-P-26 b,1.1198415967e+26,40347596.1972,7165840000.0,0.29,9.0,-0.42052260257264673,1.453614767982431e+26,6.6209396022908775e+38
HATS-61 b,6.45365828974e+27,85339657.518,11830368000.0,0.29,8.9,0.3684773974273534,8.942301870923127e+26,7.079607866184513e+38
HAT-P-19 b,5.5422932034e+26,80841725.58760001,6971360000.0,0.29,8.8,-0.4325226025726466,1.4139997299961076e+26,7.979502043037351e+39
HD 191939 c,4.777736e+25,20355371.838,26209920000.0,0.29,8.7,-0.18752260257264658,2.485703515491373e+26,9.49541536100628e+31
HD 191939 b,5.972169999999999e+25,21725138.644,12027840000.0,0.29,8.7,-0.18752260257264658,2.485703515491373e+26,3.7669933285836574e+34
HD 191939 d,1.6722075999999995e+25,19081170.158000004,31894720000.0,0.29,8.7,-0.18752260257264658,2.485703515491373e+26,1.3111407345900544e+31
HD 191939 b,6.2110568e+25,21597718.476000004,11668800000.0,0.29,8.7,-0.18752260257264658,2.485703515491373e+26,0.0
HD 191939 c,4.2999624e+25,19622705.872,25432000000.0,0.29,8.7,-0.18752260257264658,2.485703515491373e+26,0.0
HD 191939 d,3.4638586e+25,19367865.536,30967200000.0,0.29,8.7,-0.18752260257264658,2.485703515491373e+26,0.0
HATS-43 b,4.954131804771e+26,84269328.1068,7396224000.0,0.29,8.6,-0.39852260257264666,1.5291473151439078e+26,4.0983587973041914e+40
Qatar-8 b,7.042080074980999e+26,91768004.9936,7091040000.0,0.29,8.3,0.2274773974273532,6.463225766998426e+26,0.0
HD 136352 b,2.75914254e+25,9441834.4488,14496240000.0,0.29,8.2,0.03347739742735339,4.134750672737952e+26,1.129273059940194e+33
HD 136352 c,6.742579929999999e+25,16615589.9072,25865840000.0,0.29,8.2,0.03347739742735339,4.134750672737952e+26,5.435977541800211e+31
HAT-P-51 b,5.865236504498999e+26,92335024.7412,7583224000.0,0.29,8.2,-0.06652260257264668,3.284349202900972e+26,3.8036448771029657e+40
TOI-1130 c,1.8487832865314e+27,107122135.2376,10618608000.0,0.29,8.2,-0.8545226025726467,5.351177126089989e+25,3.7656140683096675e+38
TOI-2180 b,5.2293351316542e+27,72126186.09640001,123868800000.0,0.29,8.1,0.4054773974273534,9.737541610920058e+26,1.0701899573493498e+32
HAT-P-62 b,1.4444733497014e+27,76624118.0268,5642911999.999999,0.29,8.1,0.09047739742735346,4.7146485762078494e+26,1.014334577975294e+41
HATS-47 b,7.004117379158999e+26,79765025.168,6386424000.0,0.29,8.1,-0.7965226025726467,6.115744403030842e+25,1.3032974843139733e+40
HATS-69 b,1.0952237744647e+27,67488091.98120001,4803656000.0,0.29,8.0,-0.31852260257264664,1.8384394322882253e+26,3.3346702242612253e+42
TOI-3785 b,8.928394149999999e+25,32746983.176,6432799999.999999,0.29,8.0,-1.4355226025726466,1.4042658243220014e+25,1.1352856693533714e+38
HATS-54 b,1.4292883310943e+27,72482962.56680001,5535200000.0,0.29,7.96,0.11447739742735352,4.9825231651257014e+26,0.0
TOI-1266 b,9.4957503e+25,15659938.6472,11145200000.0,0.29,7.9,-1.5805226025726467,1.00565571627539e+25,0.0
TOI-1266 c,3.8221888e+25,10658697.0532,15513520000.0,0.29,7.9,-1.5805226025726467,1.00565571627539e+25,0.0
HAT-P-17 b,1.0135369707e+27,72126186.09640001,13194720000.0,0.29,7.8,-0.31952260257264653,1.8342111389278615e+26,9.210286088090464e+38
HATS-7 b,2.27776174932e+26,40207434.0124,6001952000.0,0.29,7.8,-0.4345226025726467,1.4075029913717216e+26,4.385092158520907e+39
TOI-776 b,2.388868e+25,11786365.54,9753920000.0,0.29,7.8,-1.3105226025726469,1.872618573187885e+25,1.0005935397372672e+34
TOI-776 c,3.1652500999999995e+25,12869436.968,14960000000.0,0.29,7.8,-1.3105226025726469,1.872618573187885e+25,2.7912304617604403e+32
HATS-11 b,1.613414572435e+27,107835688.1784,6902544000.0,0.29,7.7,0.40247739742735356,9.670508845971345e+26,1.2650923270240763e+42
HATS-34 b,1.7861448384251e+27,102120893.6436,4736336000.0,0.29,7.7,-0.14052260257264637,2.769805839441784e+26,1.444561657903717e+42
TOI-2567 b,3.815231819167e+26,69628750.8036,10053120000.0,0.29,7.6,0.40447739742735345,9.715145886689712e+26,0.0
HATS-60 b,1.2565652317082e+27,82338912.5616,7043168000.0,0.29,7.55,0.2994773974273534,7.628678745664223e+26,1.1071065496013214e+41
HD 89345 b,2.08794827021e+26,47132720.1432,15947360000.0,0.29,7.53,0.4244773974273533,1.0173006606432064e+27,2.239505784472741e+37
TOI-2421 b,6.320757201862e+26,66054615.09120001,8123280000.0,0.29,7.5,0.4354773974273535,1.0433963821655344e+27,0.0
TOI-3912 b,7.706388432760999e+26,90977999.952,6926480000.0,0.29,7.5,0.2724773974273534,7.168847246109672e+26,0.0
HATS-25 b,1.1635566269443e+27,89977751.6332,7723848000.0,0.29,7.5,0.06747739742735329,4.47145975765081e+26,5.613362574308654e+40
HAT-P-44 b,6.6811263007e+26,88697178.9448,7584720000.0,0.29,7.5,-0.19452260257264645,2.445959864873004e+26,3.2814562566427396e+39
HD 15337 c,5.249537429999999e+25,16067683.1848,18475600000.0,0.29,7.5,-0.3265226025726467,1.804884131015793e+26,1.1698299376701967e+34
HD 15337 b,4.2999624e+25,10824343.2716,7846519999.999999,0.29,7.5,-0.3265226025726467,1.804884131015793e+26,7.998087670672937e+35
Qatar-9 b,2.2587804014089996e+27,72056105.00400001,3500640000.0,0.29,7.5,-0.8215226025726466,5.773635020266029e+25,0.0
TOI-2136 b,8.958254999999999e+25,13315407.556,8078400000.0,0.29,7.5,-1.8865226025726465,4.971063679843262e+24,0.0
TOI-2202 b,1.8563665091106e+27,72126186.09640001,14307744000.0,0.29,7.48,-0.4015226025726467,1.518620739069198e+26,6.466577442425256e+36
TOI-172 b,1.0287890567761998e+28,68915197.8628,13673440000.0,0.29,7.4,0.4604773974273534,1.1052215046453484e+27,1.3106184334528849e+39
Kepler-1704 b,7.8962011354889e+27,76127179.3716,303239200000.0,0.29,7.4,0.4514773974273534,1.0825533954584524e+27,1.0146843211743752e+30
HAT-P-59 b,2.9231129464775e+27,80198253.7392,7575744000.0,0.29,7.3,0.05347739742735345,4.329615468496572e+26,1.0834213085904615e+39
TOI-564 b,2.7769711993793e+27,72839739.0372,4090064000.0,0.29,7.3,0.0324773974273535,4.125241010081001e+26,3.8299077953253e+41
K2-114 b,3.815231819167e+27,66557924.7548,14107280000.0,0.29,7.2,-0.4455226025726467,1.372300831643653e+26,1.9391146567600583e+37
HAT-P-58 b,7.061026187089e+26,95119155.412,7471024000.0,0.29,7.11,0.4554773974273535,1.0925701386985576e+27,1.7108550327504666e+40
K2-232 b,7.345781641556999e+26,75553788.6156,14825360000.0,0.29,7.1,0.2154773974273533,6.287084921491466e+26,3.9553599567800575e+38
HD 207897 b,8.5999248e+25,15933892.0084,17398480000.0,0.29,7.1,-0.4445226025726466,1.3754643117750918e+26,8.752392377039147e+32
TOI-1728 b,1.599347126e+26,32173592.42,5849360000.0,0.29,7.1,-1.0565226025726469,3.360851523531444e+25,9.166283590128335e+37
TOI-3757 b,5.0942610099999994e+26,76452100.80000001,5752120000.0,0.29,7.1,-1.0605226025726469,3.3300390515564818e+25,4.560127770282516e+40
TOI-532 b,3.67288455e+26,37079268.888,4428160000.0,0.29,7.1,-1.0955226025726466,3.0721988802755596e+25,0.0
GJ 3929 b,1.04512975e+25,6944399.156000001,3769920000.0,0.29,7.1,-1.9635226025726467,4.1634113951861455e+24,0.0
TOI-1696 b,3.38024822e+26,20642067.216,3515600000.0,0.29,7.1,-2.1255226025726466,2.867142817920866e+24,0.0
TOI-3023 b,1.1768376580336998e+27,104688410.0288,7554800000.000001,0.29,7.0,0.44347739742735337,1.0627945692006353e+27,0.0
Kepler-427 b,5.504549089e+26,87856205.836,13613600000.0,0.29,7.0,0.2894773974273534,7.455028816977565e+26,6.389712672066363e+39
TOI-2338 b,1.1350789135997898e+28,71412633.1556,23636800000.0,0.29,7.0,-0.013522602572646699,3.710644311796378e+26,5.623213754351043e+37
K2-263 b,8.8388116e+25,15354130.244,38492079999.99999,0.29,7.0,-0.26052260257264676,2.1011125969854195e+26,2.0927422846737035e+31
TOI-1296 b,5.656413608278999e+26,87907173.9032,7435120000.0,0.29,6.9,0.3894773974273533,9.385325223350862e+26,8.587884835798627e+39
K2-3 b,3.05177887e+25,13238955.4552,11175120000.0,0.29,6.9,-1.231522602572647,2.246204673603452e+25,1.8934527925455703e+34
K2-3 d,1.3138774e+25,9288930.2472,30129440000.0,0.29,6.9,-1.231522602572647,2.246204673603452e+25,1.3682235127381078e+30
K2-3 c,1.60054156e+25,10078935.2888,20300720000.0,0.29,6.9,-1.231522602572647,2.246204673603452e+25,1.1061815856876747e+31
Kepler-36 b,2.65761565e+25,9467318.4824,17248880000.0,0.29,6.8,0.46147739742735344,1.1077693033423704e+27,9.426852401935838e+31
Kepler-36 c,4.8255133599999995e+25,23438939.9036,19193680000.0,0.29,6.8,0.46147739742735344,1.1077693033423704e+27,2.8185228628960687e+33
TOI-559 b,1.14077329408441e+28,77911061.7236,10816080000.0,0.29,6.8,0.2264773974273534,6.448360760233903e+26,1.6111614242272707e+39
HAT-P-15 b,3.69361395207e+27,76554036.9344,14421440000.0,0.29,6.8,-0.0005226025726467424,3.82339639677062e+26,2.5704068420326992e+38
TOI-125 b,5.6735615e+25,17367368.8984,7758256000.000001,0.29,6.8,-0.2855226025726468,1.9835781994854475e+26,1.124370225287143e+37
TOI-125 d,8.1221512e+25,18667054.612000003,20495200000.0,0.29,6.8,-0.2855226025726468,1.9835781994854475e+26,8.289322831203883e+33
TOI-125 c,3.95954871e+25,17577612.1756,12177440000.0,0.29,6.8,-0.2855226025726468,1.9835781994854475e+26,4.700370832481793e+34
TOI-481 b,2.9041462303829996e+27,70699080.2148,14511200000.0,0.29,6.7,0.4344773974273534,1.0409966370787748e+27,1.4239454953758507e+38
K2-38 b,4.3596840999999995e+25,9811352.936,7471024000.0,0.29,6.7,0.036477397427353515,4.163411395186147e+26,1.3701982436301496e+36
K2-38 c,4.9569011e+25,14589609.236,14232944000.0,0.29,6.7,0.036477397427353515,4.163411395186147e+26,5.292595671013945e+34
HAT-P-20 b,1.3753304320829998e+28,61913459.6312,5400560000.0,0.29,6.7,-0.7215226025726467,7.268575845437635e+25,4.2365808193553114e+38
TOI-1260 c,7.883264399999998e+25,17583983.184,9828720000.0,0.29,6.7,-0.8895226025726467,4.936843118174765e+25,0.0
TOI-1260 d,7.071049279999999e+25,19877546.208,16695360000.0,0.29,6.7,-0.8895226025726467,4.936843118174765e+25,0.0
TOI-1260 b,5.11217752e+25,15354130.244,5490320000.000001,0.29,6.7,-0.8895226025726467,4.936843118174765e+25,0.0
HATS-54 b,1.442582441236e+27,76197260.46400002,5629447999.999999,0.29,6.6,0.21147739742735316,6.22944458046738e+26,1.534433714975416e+41
HAT-P-11 b,1.5374157230999998e+26,30134869.732000005,7928800000.0,0.29,6.5,-0.5855226025726467,9.941440704834771e+25,1.3053436315957083e+38
WASP-19 b,2.1904365601366e+27,101050564.2324,2471392000.0,0.29,6.4,-0.0435226025726467,3.4629747627118606e+26,2.0943219697704985e+42
NGTS-23 b,1.1635507742177e+27,90481061.2968,7539840000.0,0.29,6.39,0.2824773974273533,7.335831149675209e+26,0.0
TOI-132 b,1.3377660799999998e+26,21788848.728,3889600000.0,0.29,6.34,-0.22252260257264675,2.293239039770487e+26,5.325759593006519e+38
HATS-28 b,1.2755465796192e+27,85269576.4256,6179976000.0,0.29,6.2,-0.1575226025726466,2.6634793039459917e+26,2.1235374466718756e+41
TOI-954 b,3.302754536514e+26,60843130.220000006,7424648000.0,0.29,6.14,0.5344773974273533,1.3105371200107397e+27,8.930572554786085e+39
KELT-6 b,8.1616272437e+26,85193124.3248,11876744000.0,0.29,6.1,0.4924773974273532,1.189732503106342e+27,2.677648081960108e+39
HAT-P-28 b,1.18818113801e+27,86550149.11400001,6492640000.0,0.29,6.1,0.05247739742735351,4.319657629246144e+26,1.2536012065794512e+40
Kepler-426 b,6.453526901999999e+26,77853722.648,6193440000.0,0.29,6.0,-0.08952260257264671,3.1149374239588664e+26,9.673583639165149e+40
HD 97658 b,4.50898835e+25,14315655.8748,11968000000.0,0.29,6.0,-0.45052260257264654,1.3565922339216246e+26,1.7802986609671483e+34
K2-113 b,2.4485938805189995e+27,66411391.5616,8347680000.0,0.29,5.9,0.008477397427353435,3.903456343328803e+26,0.0
TOI-1811 b,1.8449777600857e+27,70985775.5928,6565944000.0,0.29,5.9,-0.5605226025726467,1.0530508100225362e+26,2.479420869402229e+39
TIC 237913194 b,3.6861777643162e+27,79765025.168,18056720000.0,0.29,5.7,0.07747739742735318,4.575613435269472e+26,4.684738914447464e+38
HAT-P-43 b,1.25651470715e+27,91481309.6156,6627280000.0,0.29,5.7,0.0444773974273534,4.2408149920629835e+26,0.0
TOI-3807 b,1.9740502689418e+27,117831800.358,6298160000.0,0.29,5.6,0.3314773974273533,8.212007295664817e+26,0.0
K2-132 b,9.395767215945e+26,77770899.53880002,13703360000.0,0.29,5.5,0.9424773974273533,3.353121779525448e+27,1.1708269941073302e+39
HATS-29 b,1.2394820185883e+27,89334279.78480001,8190600000.0,0.29,5.5,0.028477397427353446,4.087420573169962e+26,2.2738389831859885e+40
HAT-P-65 b,1.0003170349097e+27,134969812.954,5910696000.000001,0.29,5.46,0.5544773974273534,1.3723008316436532e+27,1.1363250071159447e+43
TOI-3364 b,3.1698692151648e+27,77911061.7236,10098000000.0,0.29,5.4,0.2854773974273533,7.386680701957508e+26,0.0
TOI-181 b,2.75727325079e+26,44316734.43040001,8063440000.000001,0.29,5.4,-0.5265226025726465,1.1388048984001664e+26,4.525891634382993e+38
TOI-519 b,8.788319888735e+26,73553291.978,2378640000.0,0.29,5.4,-1.8515226025726466,5.388269713895395e+24,2.436528143273659e+43
TOI-2000 c,4.87926289e+26,51860008.37600001,13134880000.0,0.29,5.3,0.05947739742735349,4.389846419370322e+26,7.492110964835384e+36
TOI-2000 b,6.569387e+25,17201722.680000003,6389416000.0,0.29,5.3,0.05947739742735349,4.389846419370322e+26,0.0
HAT-P-42 b,1.98157197817e+27,91411228.5232,8602000000.0,0.29,5.2,0.3554773974273534,8.678593095848884e+26,0.0
K2-24 c,1.6124858999999998e+26,49821285.688,36951200000.0,0.29,5.1,0.1574773974273534,5.5010972997820925e+26,0.0
K2-24 b,1.2541557e+26,36187327.712,23038400000.0,0.29,5.1,0.1574773974273534,5.5010972997820925e+26,0.0
TOI-1422 b,5.3749529999999995e+25,25229193.264,16156800000.0,0.29,5.1,0.047477397427353595,4.270210917249733e+26,1.321908408610125e+34
HD 95338 b,2.5345889479999997e+26,24783222.676000003,39195200000.0,0.29,5.08,-0.31052260257264663,1.872618573187886e+26,2.4255986743058648e+32
K2-199 c,7.4054908e+25,18157373.94,9903520000.0,0.29,5.04,-0.7335226025726466,7.070486974461768e+25,2.4746261249200145e+34
K2-199 b,4.1207973e+25,11021844.532,5714720000.0,0.29,5.04,-0.7335226025726466,7.070486974461768e+25,5.613704346578446e+34
CoRoT-19 b,2.1068621325999996e+27,92124781.46400002,7749280000.0,0.29,5.0,0.5434773974273533,1.3379790906835145e+27,4.850985027064279e+39
HAT-P-13 b,1.61904334266e+27,91481309.6156,6387920000.0,0.29,5.0,0.3454773974273534,8.48104419879365e+26,4.0488454705147507e+39
Kepler-1654 b,9.4906739555e+26,58485857.112,303089600000.0,0.29,5.0,0.0894773974273535,4.7038051853834824e+26,1.1082009508053257e+28
Kepler-425 b,4.744889065e+26,69838994.0808,6941439999.999999,0.29,5.0,-0.3235226025726468,1.8173949901278703e+26,7.028095795703459e+40
Kepler-428 b,2.4105469771e+27,77152911.724,6477680000.0,0.29,5.0,-0.39052260257264676,1.557576286271659e+26,7.33475519019537e+40
TOI-1759 b,4.0610756e+25,19495285.704,17592960000.0,0.29,5.0,-1.0515226025726467,3.399768350022488e+25,0.0
TOI-1759 b,6.4499436e+25,20004966.376,17607920000.0,0.29,5.0,-1.0575226025726465,3.3531217795254498e+25,0.0
HD 260655 b,1.27804438e+25,7900050.416,4387768000.0,0.29,5.0,-1.4405226025726467,1.3881913263544915e+25,8.746010725427706e+34
HD 260655 c,1.84540053e+25,9766755.8772,7104504000.0,0.29,5.0,-1.4405226025726467,1.3881913263544915e+25,6.459414196791788e+33
LHS 1140 c,1.08096277e+25,8167632.768800001,4001800000.0,0.29,5.0,-2.3565226025726465,1.6844158777107294e+24,1.391416818226774e+36
LHS 1140 b,4.16857466e+25,11002731.5068,14002560000.0,0.29,5.0,-2.3565226025726465,1.6844158777107294e+24,1.924213519320003e+31
LHS 1140 b,3.97149305e+25,9110542.012,13090000000.0,0.29,5.0,-2.5265226025726464,1.1388048984001666e+24,1.820567190365416e+32
HD 221416 b,3.61316285e+26,58422147.028000005,18370880000.0,0.29,4.9,0.711477397427353,1.9699233432068975e+27,4.489175720368609e+36
Kepler-91 b,1.6702965055999998e+27,98833453.3092,10771200000.0,0.29,4.86,1.2244773974273533,6.418733233773837e+27,1.3399354257730143e+39
K2-261 b,4.043006799665e+26,60556434.84200001,16261520000.0,0.29,4.83,0.3454773974273534,8.48104419879365e+26,6.920017027329122e+37
TOI-4127 b,4.3656881613878e+27,78267838.194,46091760000.0,0.29,4.8,0.31547739742735326,7.914970973773542e+26,8.399244445611363e+35
NGTS-24 b,9.870251344709e+26,86696682.30720001,7165840000.0,0.29,4.77,0.4454773974273534,1.0677002060410828e+27,0.0
HATS-51 b,1.4577675195648e+27,100693787.762,6939944000.0,0.29,4.74,0.3094773974273534,7.806373500799334e+26,7.716201411295627e+41
TOI-169 b,1.5014246197601e+27,77554285.25320001,5271904000.0,0.29,4.7,0.2524773974273533,6.846195970354924e+26,0.0
TOI-2842 b,7.023063491267e+26,81835602.898,7106000000.0,0.29,4.7,0.24547739742735347,6.736732867046369e+26,0.0
HAT-P-53 b,2.8168320299923996e+27,94118907.0932,4725864000.0,0.29,4.67,0.21647739742735328,6.301578149051477e+26,1.2846501695358918e+42
HAT-P-66 b,1.4862395414313e+27,113544111.7048,6527048000.0,0.29,4.66,0.6144773974273534,1.5756121696348447e+27,1.847889375623143e+41
HD 86226 c,4.32982325e+25,13761378.144,7330400000.0,0.29,4.6,0.07147739742735346,4.512833665384833e+26,8.199423651962448e+35
HATS-76 b,4.9901713424096e+27,77050975.5896,3976368000.0,0.29,4.6,-1.0385226025726468,3.5030741205798647e+25,1.0398130862314513e+41
TOI-2136 b,3.80427229e+25,13952508.396,8527200000.0,0.29,4.6,-1.8865226025726465,4.971063679843262e+24,0.0
HD 1397 b,7.877259383065e+26,73266596.60000001,16411120000.0,0.29,4.51,0.6594773974273535,1.74762933717992e+27,1.7695658175623948e+38
TOI-3819 b,2.1069190473801e+27,83695937.35080001,6898056000.0,0.29,4.5,0.3994773974273533,9.60393753133074e+26,0.0
TOI-2025 b,6.8332510274259e+27,75770402.90120001,13344320000.0,0.29,4.5,0.3864773974273534,9.320717098959528e+26,1.9133064594987075e+39
Kepler-4 b,1.4615094424e+26,25496775.6168,6821760000.0,0.29,4.5,0.3534773974273534,8.63871858259754e+26,0.0
TOI-2196 b,1.5527642e+26,22362239.484,3342064000.0,0.29,4.5,-0.004522602572646637,3.788343287908234e+26,0.0
TOI-4860 b,1.2717439198150998e+27,53987925.1816,2760120000.0,0.29,4.5,-1.8365226025726469,5.577625186294363e+24,3.0420129477683362e+41
HD 1397 b,6.966154683336999e+26,73056353.32280001,15004880000.0,0.29,4.46,0.6344773974273533,1.6498684834810622e+27,1.9921614914125277e+38
WASP-193 b,2.638394220855e+26,104548247.844,10112959999.999998,0.29,4.4,0.27347739742735333,7.185373145756049e+26,1.1057410000551643e+39
TOI-2570 b,1.5564627051592998e+27,86906925.5844,6200920000.0,0.29,4.4,0.07847739742735337,4.586161313590206e+26,0.0
TOI-733 b,3.4160812399999996e+25,12691048.7328,9245280000.0,0.29,4.4,-0.08652260257264666,3.136529138675841e+26,3.5331201839276397e+34
HATS-31 b,1.670358616168e+27,117118247.4172,7150880000.0,0.29,4.3,0.6184773974273534,1.5901911295415133e+27,7.008470561183874e+41
HD 332231 b,4.631448890284e+26,61913459.6312,21482560000.0,0.29,4.3,0.3044773974273534,7.717014682263102e+26,1.0610539253522355e+35
HATS-59 b,1.5298966416266e+27,80408497.01640001,9143552000.0,0.29,4.3,-0.004522602572646637,3.788343287908234e+26,3.135982456145246e+39
K2-34 b,3.2230328752878e+27,98336514.654,6956400000.0,0.29,4.24,0.48347739742735335,1.165331072107886e+27,1.9331541440950324e+40
NGTS-13 b,9.186972388924e+27,81555278.5284,8213040000.0,0.29,4.23,0.5164773974273533,1.257330140563376e+27,5.756920300734047e+39
K2-140 b,1.9341993521309e+27,78197757.1016,8841360000.0,0.29,4.22,-0.04952260257264652,3.4154609677213186e+26,2.160414171562404e+39
HATS-23 b,2.790258142917e+27,132829154.1316,5081912000.0,0.29,4.2,0.1544773974273532,5.4632280123386584e+26,2.902458090652565e+42
HATS-18 b,3.758306886378e+27,95475931.8824,2634456000.0,0.29,4.2,-0.03252260257264676,3.551806735935431e+26,1.3527491129820203e+44
HD 89345 b,2.296743097231e+26,46272634.0092,16680400000.0,0.29,4.18,0.43247739742735325,1.0362136919929335e+27,1.1211610143416565e+37
HATS-26 b,1.2337876142149998e+27,124973700.7744,7083560000.000001,0.29,4.04,0.7034773974273532,1.9339681901004227e+27,1.1425624634857593e+42
Kepler-434 b,5.428463643199999e+27,80720676.428,17099280000.0,0.29,4.0,0.3294773974273533,8.174276549435022e+26,4.0161393643089914e+37
HAT-P-23 b,3.9669362842899993e+27,97693042.8056,3470719999.9999995,0.29,4.0,0.19847739742735332,6.045738055746992e+26,9.190395203542316e+42
TOI-2796 b,8.35175127565e+26,109976347.0008,8512240000.0,0.29,4.0,0.05447739742735351,4.339596262937214e+26,0.0
TOI-2525 b,1.594425460703e+26,55274868.878400005,22604560000.0,0.29,3.99,-0.4405226025726466,1.388191326354492e+26,5.279679355365808e+35
TOI-2525 c,1.2470682869742e+27,64557428.117199995,37250400000.0,0.29,3.99,-0.4405226025726466,1.388191326354492e+26,2.3102376312533553e+34
K2-30 b,1.0990200440469e+27,74196763.82640001,7239144000.0,0.29,3.9,-0.2565226025726465,2.1205539524796135e+26,0.0
HAT-P-54 b,1.442582441236e+27,67411639.8804,6159032000.0,0.29,3.9,-0.9025226025726466,4.791255452915913e+25,2.310534617417984e+39
Kepler-8 b,1.14452457531e+27,101337259.6104,7225680000.0,0.29,3.84,0.6044773974273534,1.539746857958111e+27,0.0
Kepler-6 b,1.26979681323e+27,94482054.572,6832232000.0,0.29,3.8,0.2984773974273533,7.61113327143095e+26,0.0
HD 213885 b,5.27342611e+25,11117409.658000002,3009952000.0,0.29,3.8,0.1384773974273535,5.265617720967497e+26,0.0
GJ 143 b,1.3556825899999998e+26,16628331.924,28648400000.0,0.29,3.8,-0.6865226025726466,7.878604985474277e+25,1.7632241044712877e+32
K2-291 b,3.87593833e+25,10123532.3476,4878456000.0,0.29,3.72,-0.16652260257264662,2.6088513045584307e+26,0.0
WASP-72 b,2.934582797571e+27,90723159.616,5547168000.0,0.29,3.7,0.7234773974273533,2.025113302876482e+27,0.0
HATS-24 b,4.2897846278859994e+27,99623458.3508,3560480000.0000005,0.29,3.7,0.18947739742735326,5.921739880008436e+26,0.0
Kepler-15 b,1.2527223792e+27,68552050.384,8548144000.000001,0.29,3.7,-0.08752260257264666,3.129315321838185e+26,4.150768502011649e+38
WASP-148 b,5.447619378475e+26,53987925.1816,12289640000.0,0.29,3.6,-0.1395226025726468,2.7761909013312515e+26,8.109202045116834e+37
HATS-5 b,4.498417609099999e+26,65130818.87320001,8108320000.0,0.29,3.6,-0.2685226025726467,2.0627629701438133e+26,3.793334035256054e+37
Kepler-7 b,8.2186017455e+26,105548496.1628,9311104000.0,0.29,3.5,0.6174773974273534,1.5865337914336262e+27,0.0
HATS-32 b,1.746284007812e+27,89194117.60000001,6019904000.0,0.29,3.5,0.05647739742735343,4.3596269291798394e+26,1.5116338244339954e+42
TOI-2364 b,4.270781780163e+26,54841640.30720001,7287016000.000001,0.29,3.5,-0.2525226025726467,2.140175196621369e+26,0.0
NGTS-25 b,1.2129020398995e+27,73056353.32280001,5804480000.0,0.29,3.49,-0.29252260257264656,1.9518629774393547e+26,0.0
TIC 257060897 b,1.2717439198150998e+27,106402211.2884,7629599999.999999,0.29,3.47,0.6094773974273533,1.557576286271659e+27,3.921951533805841e+39
Kepler-79 c,3.5235803e+25,23700151.248000003,27975200000.0,0.29,3.44,0.34147739742735334,8.403289518212234e+26,9.204849030385634e+31
Kepler-79 d,3.583302e+25,45616420.144,42935200000.0,0.29,3.44,0.34147739742735334,8.403289518212234e+26,6.796782144208409e+31
Kepler-79 b,6.509665299999999e+25,22107399.148,17503200000.0,0.29,3.44,0.34147739742735334,8.403289518212234e+26,5.505357174250268e+32
Kepler-79 e,2.4485897e+25,22234819.316000003,57745600000.0,0.29,3.44,0.34147739742735334,8.403289518212234e+26,4.677709167710472e+28
TOI-905 b,1.2660559056637e+27,83625856.25840001,6980336000.0,0.29,3.4,-0.13752260257264665,2.7890052163045863e+26,6.646623539066133e+38
HAT-P-50 b,2.5624819679849996e+27,91978248.2708,6776880000.0,0.29,3.37,0.6024773974273534,1.532672363761496e+27,5.96993549958842e+40
BD+20 594 b,9.7346371e+25,14207348.732,36053600000.0,0.29,3.34,-0.05652260257264676,3.360851523531445e+26,0.0
TOI-2207 b,1.2148001746906e+27,71055856.6852,12775840000.0,0.29,3.3,0.48347739742735335,1.165331072107886e+27,3.3534287070067688e+38
TOI-4791 b,4.3846693898554e+27,79268086.51280001,8302800000.0,0.29,3.3,0.3794773974273533,9.17168913903387e+26,0.0
HATS-10 b,9.984189001186e+26,69201893.24080001,6718536000.0,0.29,3.3,0.11647739742735343,5.0055214471131666e+26,1.9917720609758696e+41
HATS-42 b,3.568493407268e+27,99980234.8212,5518744000.0,0.29,3.26,0.4244773974273533,1.0173006606432064e+27,1.6229885991444326e+42
HATS-3 b,2.03281916894e+27,98623210.032,7255600000.0,0.29,3.2,0.4554773974273535,1.0925701386985576e+27,0.0
Qatar-10 b,1.3970272062496e+27,110186590.278,4278560000.0,0.29,3.2,0.2994773974273534,7.628678745664223e+26,0.0
HAT-P-25 b,1.07619697834e+27,84982881.0476,6971360000.0,0.29,3.2,-0.12552260257264644,2.867142817920867e+26,1.3481519089927965e+39
WASP-132 c,2.230605495e+26,11786365.54,2722720000.0,0.29,3.2,-0.5975226025726466,9.670508845971342e+25,6.928690746721952e+38
HATS-71 b,7.02309872707e+26,73126434.41520001,5602520000.0,0.29,3.2,-1.5605226025726466,1.0530508100225365e+25,0.0
Kepler-1708 b,8.731376263053898e+27,63455243.66400001,245344000000.0,0.29,3.16,0.18147739742735342,5.813655946297694e+26,1.4666787359451507e+29
HATS-68 b,2.4485938805189995e+27,87977254.9956,7586216000.0,0.29,3.02,0.5914773974273536,1.4943396726832724e+27,2.0982994846282674e+39
Kepler-5 b,4.01248602488e+27,102190974.736,7575744000.0,0.29,3.0,0.6684773974273535,1.7842237932128626e+27,2.0557961873717575e+39
HD 5278 b,4.6582926e+25,15608970.580000002,17981920000.0,0.29,3.0,0.2794773974273532,7.285331643248638e+26,1.7877780552362403e+33
HATS-33 b,2.2625766709912e+27,87837092.81080002,5575592000.0,0.29,3.0,-0.018522602572646558,3.668168917597478e+26,5.61845023659193e+40
HATS-46 b,3.283773188602999e+26,64487347.0248,8029032000.0,0.29,3.0,-0.23052260257264665,2.2513827101478004e+26,2.6573109569468443e+40
TOI-3693 b,1.9360878120066e+27,80268334.83160001,12162480000.0,0.29,3.0,-0.34452260257264666,1.731606975109638e+26,0.0
pi Men c,2.87858594e+25,13009599.1528,10231144000.0,0.29,2.98,0.15947739742735337,5.526489211218932e+26,0.0
TOI-2154 b,1.7462752287220998e+27,103764613.8108,7674480000.0,0.29,2.9,0.4344773974273534,1.0409966370787748e+27,3.528009249884981e+40
TOI-4406 b,5.694375706884e+26,71412633.1556,30069600000.0,0.29,2.9,0.36147739742735335,8.79932435205692e+26,2.9442692097153255e+35
Kepler-1514 b,1.0022151697007998e+28,79127924.32800001,112648800000.0,0.29,2.9,0.3274773974273535,8.13671916023717e+26,1.7854243663968845e+32
HAT-P-64 b,1.1009126844416e+27,121616179.3476,8058952000.0,0.29,2.88,0.6674773974273535,1.780120192362191e+27,4.59078495636148e+40
HD 17156 b,6.1117396129e+27,72820626.01200001,24145440000.0,0.29,2.8,0.41147739742735334,9.873004308396533e+26,3.7200759758642345e+37
HAT-P-60 b,1.0895239354167e+27,116474775.5688,9390392000.0,0.29,2.765,0.8084773974273534,2.4629144486811063e+27,8.914819319884809e+40
Kepler-433 b,5.3524976408e+27,103528886.5,10157840000.0,0.29,2.67,0.8794773974273532,2.900342767037576e+27,6.241294839897927e+39
TOI-1601 b,1.879153443189e+27,88480564.6592,10268544000.000002,0.29,2.64,0.7314773974273534,2.0627629701438137e+27,2.6165955321605937e+38
TOI-1107 b,6.3587196587972e+27,92838334.4048,8392560000.0,0.29,2.6,0.6704773974273535,1.7924593960520555e+27,5.4681745122340125e+38
HAT-P-2 b,1.7253300521499998e+28,82625607.9396,10289488000.0,0.29,2.6,0.5764773974273534,1.4436081543050246e+27,2.825913819805858e+40
HAT-P-2 b,1.7159138511543998e+28,70125689.4588,10127920000.0,0.29,2.6,0.4844773974273534,1.1680174376686688e+27,1.2643975915414262e+40
HAT-P-5 b,2.0119643512999997e+27,89958638.608,6096200000.0,0.29,2.6,0.1864773974273534,5.8809749094106346e+26,0.0
HD 183579 b,1.1765174899999998e+26,22617079.82,19956640000.0,0.29,2.6,0.01147739742735343,3.930513810078232e+26,4.424064334505272e+34
HAT-P-61 b,2.0063184409471e+27,64200651.6468,4502960000.0,0.29,2.6,-0.11552260257264677,2.933927153446515e+26,8.71126175694266e+40
TOI-2236 b,2.9990379200695996e+27,91551390.708,7493464000.0,0.29,2.52,0.5324773974273534,1.3045157488989586e+27,0.0
HAT-P-46 b,9.3574348428e+26,91691552.8928,8631920000.0,0.29,2.5,0.3904773974273533,9.406960632429202e+26,8.299598129010002e+39
HATS-57 b,5.9734301875917e+27,81338664.2428,5225528000.0,0.29,2.5,-0.09452260257264664,3.079281030117251e+26,5.901686654927608e+39
HAT-P-12 b,4.0048774803e+26,68481969.2916,5744639999.999999,0.29,2.5,-0.6785226025726465,8.025079188084332e+25,0.0
HATS-12 b,4.517560802817999e+27,96406099.1088,7173320000.0,0.29,2.36,0.8624773974273533,2.7890052163045864e+27,2.8088370225942305e+40
TOI-150.01,4.7643183256609995e+27,89620975.1628,10527352000.0,0.29,2.346,0.49647739742735336,1.2007409624193138e+27,8.119782296144158e+39
HATS-27 b,1.006011439283e+27,107122135.2376,9140560000.0,0.29,2.3,0.6684773974273535,1.7842237932128626e+27,3.115297659206552e+41
HAT-P-6 b,2.00624301244e+27,94978993.2272,7831560000.0,0.29,2.3,0.5524773974273534,1.3659956820540982e+27,0.0
TOI-4600 b,5.732338342984299e+27,43322857.120000005,52210400000.0,0.29,2.3,-0.37752260257264664,1.6049049869033152e+26,3.95839034280808e+32
TOI-4600 c,1.75956213045461e+28,60014899.128000006,172339200000.0,0.29,2.3,-0.37752260257264664,1.6049049869033152e+26,1.886588123870457e+29
Kepler-435 b,1.5943902249e+27,142137197.404,14182080000.0,0.29,2.25,1.1284773974273534,5.145757628253946e+27,2.193566182572563e+39
KELT-12 b,1.8032280515449997e+27,127114359.5968,10035168000.0,0.29,2.2,0.8914773974273534,2.981599634667863e+27,0.0
WASP-174 b,6.263813158129e+26,102617832.2988,8232488000.0,0.29,2.2,0.4354773974273535,1.0433963821655344e+27,0.0
TOI-892 b,1.8032280515449997e+27,76413874.74960001,13763200000.0,0.29,2.2,0.4304773974273534,1.031452722543593e+27,7.750659643618431e+37
K2-30 b,1.1180013919579e+27,76337422.6488,6268240000.0,0.29,2.2,-0.2705226025726468,2.0532854351932773e+26,4.741244242779054e+39
HATS-66 b,1.0117058436563e+28,100763868.8544,7052144000.0,0.29,2.17,0.7664773974273534,2.2358843005851965e+27,1.8123853157504637e+40
TOI-3362 b,9.5456720273602e+27,81555278.5284,22888800000.0,0.29,2.14,0.7384773974273532,2.0962801721107236e+27,1.5810350239834224e+38
HATS-35 b,2.3195207147242e+27,104548247.844,4785704000.0,0.29,2.13,0.46447739742735333,1.1154479933173334e+27,7.569957912015715e+42
TOI-4137 b,2.7333004229147e+27,86480068.02160001,7812112000.0,0.29,2.1,0.4384773974273533,1.0506288603678762e+27,0.0
HATS-17 b,2.5397043504918e+27,55485112.1556,19567680000.0,0.29,2.1,0.09247739742735346,4.7364104052719595e+26,4.958679579662065e+34
HATS-4 b,2.51112429207e+27,72839739.0372,5415520000.0,0.29,2.1,-0.18752260257264658,2.485703515491373e+26,4.3731522787337346e+38
HATS-40 b,3.018034317849e+27,112830558.764,7475512000.0,0.29,2.07,0.9024773974273533,3.058083408607586e+27,6.0055715709195936e+41
K2-182 b,1.1944339999999998e+26,17138012.596,7868960000.0,0.29,2.07,-0.40852260257264655,1.494339672683272e+26,1.2285961425766885e+35
HATS-39 b,1.195824918393e+27,112117005.8232,8986472000.0,0.29,2.06,0.6394773974273533,1.6689730601203792e+27,8.317558691354257e+40
HAT-P-45 b,1.69306241764e+27,101834198.2656,6761920000.0,0.29,2.0,0.3994773974273533,9.60393753133074e+26,1.0649543672741323e+40
Kepler-9 c,1.7856788299999998e+26,51477747.872,33959200000.0,0.29,2.0,-0.038522602572646655,3.503074120579866e+26,2.148763604041703e+33
Kepler-9 b,2.59192178e+26,52815659.636,21392800000.0,0.29,2.0,-0.038522602572646655,3.503074120579866e+26,6.561699681978366e+34
TOI-640 b,1.670358616168e+27,126470887.7484,9885568000.0,0.29,1.99,0.8334773974273535,2.608851304558431e+27,3.118916428132393e+39
TOI-778 b,5.24356526e+27,98113529.36,8976000000.0,0.29,1.95,0.7594773974273534,2.2001349829727983e+27,2.412577443497958e+40
LTT 9779 b,1.7510402439999998e+26,30071159.648,2511784000.0,0.29,1.9,-0.14952260257264663,2.7129970812597605e+26,0.0
HATS-56 b,1.1426771442422e+27,120545849.9364,9040328000.0,0.29,1.9,0.8974773974273533,3.0230778172980694e+27,6.932675566739326e+38
HATS-64 b,1.822209399456e+27,119902378.088,9816752000.0,0.29,1.9,0.8664773974273533,2.814811563838331e+27,2.2223975214860233e+40
TOI-163 b,2.3157244451419997e+27,106332130.196,8676800000.0,0.29,1.8,0.6354773974273533,1.6536718231327093e+27,0.0
TOI-2145 b,9.9841389544014e+27,76337422.6488,16575680000.0,0.29,1.8,0.9964773974273534,3.797076321107676e+27,1.0706818400804405e+38
K2-329 b,4.93515045686e+26,55274868.878400005,15199360000.0,0.29,1.8,-0.3255226025726467,1.809044818640807e+26,9.080003293496176e+35
TOI-558 b,6.8522322558935e+27,77554285.25320001,19313360000.0,0.29,1.8,0.5464773974273532,1.3472535186707704e+27,4.0999478421486614e+37
TOI-615 b,8.256845133312e+26,120902626.4068,10142880000.0,0.29,1.7,0.7674773974273535,2.241038546212684e+27,1.0556364514571693e+41
Qatar-7 b,3.568493407268e+27,121399565.062,5265920000.0,0.29,1.7,0.5624773974273534,1.397813808931728e+27,0.0
GJ 3470 b,8.361038e+25,26758235.28,5206080000.0,0.29,1.65,-1.5385226025726466,1.1077693033423704e+25,9.857887053502234e+36
TOI-4603 b,2.44668348486289e+28,74413378.112,13284480000.0,0.29,1.64,1.0164773974273533,3.976027014959931e+27,1.1728704773239979e+39
KELT-21 b,7.421707033200999e+27,113257416.32680002,7815104000.0,0.29,1.6,0.9044773974273534,3.072198880275559e+27,0.0
TOI-1298 b,6.757325814947e+26,60059496.1868,8826400000.0,0.29,1.6,0.33347739742735333,8.249912199106257e+26,4.721623695549242e+37
HATS-45 b,1.32869435377e+27,91838086.086,8244456000.0,0.29,1.52,0.4244773974273533,1.0173006606432064e+27,2.676529406599228e+40
HAT-P-49 b,3.2836364259099995e+27,100904031.0392,6552480000.0,0.29,1.5,0.8134773974273535,2.491433653885653e+27,0.0
WASP-121 b,2.2454934578713e+27,133185930.602,3805824000.0,0.29,1.5,0.5184773974273533,1.2631337128029216e+27,0.0
K2-232 b,7.554576468577999e+26,71412633.1556,15492576000.0,0.29,1.43,0.23747739742735352,6.613773634897896e+26,6.184916884659893e+37
K2-36 c,4.6582926e+25,20387226.880000003,8078400000.0,0.29,1.4,-0.5705226025726465,1.0290804471116891e+26,0.0
K2-36 b,2.3291463e+25,9110542.012,3336080000.0,0.29,1.4,-0.5705226025726465,1.0290804471116891e+26,0.0
TOI-4201 b,4.7073506918565e+27,87123539.87,5984000000.0,0.29,1.4,-1.1195226025726466,2.907028747623113e+25,1.0197454992470617e+39
HATS-41 b,1.841190747367e+28,94978993.2272,8721680000.0,0.29,1.34,0.6524773974273533,1.71968667653901e+27,6.955421983503566e+40
HD 2685 b,2.220817705587e+27,102834446.5844,8497280000.000001,0.29,1.31,0.6674773974273535,1.780120192362191e+27,6.265301108478135e+39
KELT-7 b,2.429612532608e+27,109473037.3372,6604840000.0,0.29,1.3,0.7574773974273534,2.1900262809557327e+27,0.0
TOI-1470 c,4.32385108e+25,15736390.748000002,15857600000.0,0.29,1.3,-1.4255226025726466,1.4369753773280607e+25,9.189877467359908e+33
TOI-1470 b,4.37162844e+25,13888798.312000005,4263600000.0,0.29,1.3,-1.4255226025726466,1.4369753773280607e+25,3.356982837930703e+37
TOI-628 b,1.2015193227663e+28,75700321.8088,7270560000.0,0.29,1.28,0.39347739742735344,9.472166568435163e+26,2.144489113668313e+39
HAT-P-69 b,6.795322552138e+27,119685763.80240002,9806280000.0,0.29,1.27,0.9994773974273533,3.8233963967706206e+27,0.0
HATS-50 b,7.40272568529e+26,80695192.3944,7548816000.0,0.29,1.2,0.14247739742735333,5.314339881862978e+26,8.057064668290159e+40
TIC 279401253 b,1.16544892095314e+28,71412633.1556,55202400000.0,0.29,1.2,0.09647739742735333,4.780235871164362e+26,1.002731250280887e+34
HATS-52 b,4.251821932064e+27,98693291.1244,3737008000.0,0.29,1.2,0.06747739742735329,4.47145975765081e+26,8.587304288324589e+42
K2-237 b,2.5871447606604e+27,103191223.0548,5322768000.0,0.29,1.02,0.3704773974273535,8.983577660965412e+26,2.571517071268863e+40
MASCARA-1 b,7.023098727069999e+27,107122135.2376,6432799999.999999,0.29,1.0,1.1754773974273534,5.733889596351317e+27,0.0
TOI-2497 b,9.1489638268364e+27,70985775.5928,17443360000.0,0.29,1.0,1.1664773974273532,5.616287437065239e+27,3.013799232714173e+37
TOI-2095 c,4.4194058e+25,8473441.172,20495200000.0,0.29,1.0,-1.4595226025726469,1.3287685074094454e+25,0.0
TOI-2095 b,2.4485897e+25,7963760.5,15109600000.000002,0.29,1.0,-1.4595226025726469,1.3287685074094454e+25,0.0
TOI-622 b,5.7513197506169995e+26,58842633.58240001,10591680000.0,0.29,0.9,0.4734773974273534,1.138804898400166e+27,8.112015052146104e+38
HATS-24 b,4.6314488902839994e+27,106191968.0112,3810312000.0,0.29,0.9,0.29147739742735335,7.489439666516125e+26,9.420065547063458e+42
TOI-201 b,7.972166122619999e+26,71986023.9116,44880000000.0,0.29,0.9,0.4144773974273531,9.941440704834767e+26,2.024576158194451e+34
HATS-70 b,2.448593880519e+28,98833453.3092,5433472000.0,0.29,0.8,1.0784773974273534,4.5861613135902063e+27,6.1573342500684945e+41
TOI-4087 b,1.3856314697857998e+27,83122546.59480001,6685624000.0,0.29,0.8,0.17547739742735344,5.7338895963513176e+26,0.0
L 98-59 c,1.32582174e+25,8823846.634000001,4547840000.0,0.29,0.8,-1.9485226025726465,4.3097226923904577e+24,3.866951004933022e+34
L 98-59 b,2.388868e+24,5415357.140000001,3277736000.0,0.29,0.8,-1.9485226025726465,4.3097226923904577e+24,3.934818449820548e+34
L 98-59 d,1.15860098e+25,9690303.7764,7270560000.0,0.29,0.8,-1.9485226025726465,4.3097226923904577e+24,9.459896057276124e+32
KELT-24 b,9.832338217898e+27,90837837.7672,10425624000.0,0.29,0.8,0.5644773974273531,1.4042658243220007e+27,3.2630048873980845e+38
K2-25 b,1.46318165e+26,21916268.896,4293520000.0,0.29,0.7,-2.0885226025726467,3.1221180963188517e+24,7.9888622214996225e+37
HATS-36 b,6.1044014881776e+27,88193869.2812,8115800000.0,0.29,0.6,0.21447739742735325,6.272625027429848e+26,1.73594810941173e+39
HAT-P-70 b,1.2869353883658e+28,133542707.0724,7089544000.0,0.29,0.6,1.2224773974273535,6.389241833432765e+27,0.0
HATS-67 b,2.752295447095e+27,120329235.6508,4535872000.0,0.29,0.5,0.5464773974273532,1.3472535186707704e+27,2.359694331531964e+41
LP 791-18 d,5.374953e+24,6574880.6688,2980032000.0,0.29,0.5,-2.6385226025726465,8.799324352056925e+23,5.360083430020218e+30
LP 791-18 c,4.2402406999999995e+25,15532518.479200002,4429656000.0,0.29,0.5,-2.6385226025726465,8.799324352056925e+23,5.73887704673596e+28
WASP-178 b,2.676370055451e+27,138537577.65800002,8153200000.0,0.29,0.4,1.2144773974273533,6.272625027429848e+27,0.0
HATS-55 b,1.7481821426030998e+27,89334279.78480001,8096352000.0,0.29,0.4,0.22847739742735337,6.478125041142575e+26,8.937031864578207e+38
TOI-1807 b,1.5348476899999995e+25,8728281.508000001,1795200000.0,0.29,0.3,-0.6685226025726466,8.212007295664818e+25,0.0
TOI-1431 b,5.9221508665471e+27,106402211.2884,6881600000.0,0.29,0.3,1.0674773974273533,4.4714597576508095e+27,9.367133261810228e+36
GPX-1 b,3.73930679779754e+28,104975105.4068,5056479999.999999,0.29,0.3,0.7264773974273533,2.0391507176794052e+27,0.0
Kepler-63 b,7.166603999999999e+26,38926861.324,11968000000.0,0.29,0.2,-0.1575226025726466,2.6634793039459917e+26,5.023833793768607e+36
TOI-251 b,1.8981347911e+27,17456563.016000003,8588536000.0,0.29,0.2,-0.08052260257264668,3.1801626053982955e+26,0.0
HD 114082 b,1.51850022433542e+28,71412633.1556,76430640000.0,0.29,0.0,0.5824773974273533,1.4636907441921776e+27,1.6379852279238996e+31
K2-33 b,6.83328524796e+27,36697008.384,6118640000.0,0.29,0.0,-0.8305226025726465,5.655217681755526e+25,0.0
