# Radiogenic heating rates from Frank, Meyer & Mojzsis (2014), Icarus 243:274-286
# Values represent bulk internal heat production rate (W/kg) as function of stellar age
# age_Gyr is lookback time from present for a star of that age
age_Gyr,k40_W_per_kg,th232_W_per_kg,u235_W_per_kg,u238_W_per_kg,total_W_per_kg
12.4,1.2380420987970513e-14,2.6243318285685988e-12,2.116431894469154e-16,1.307383595856509e-12,3.9443074886025255e-12
12.3,1.3161552746024516e-14,2.631950580082233e-12,2.249955138237554e-16,1.3197028273442126e-12,3.965039955686294e-12
12.200000000000001,1.3980463097053825e-14,2.6398851638707506e-12,2.3985998658692276e-16,1.332618139454647e-12,3.986723626409038e-12
12.100000000000001,1.4841792981969516e-14,2.6479853655851285e-12,2.561293800546448e-16,1.3459075874510878e-12,4.0089908753982406e-12
12.0,1.575789776227653e-14,2.6561878958161724e-12,2.7381826485723585e-16,1.359476493419722e-12,4.031696105263028e-12
11.900000000000002,1.67307417023456e-14,2.6644568052870415e-12,2.929924186906172e-16,1.3732803900196424e-12,4.05476092942772e-12
11.800000000000002,1.7755815806831363e-14,2.672776150938751e-12,3.137461618573537e-16,1.3872908270042202e-12,4.078136539911661e-12
11.700000000000003,1.8841128872247486e-14,2.6811347924586895e-12,3.3619322058370196e-16,1.4014964368560397e-12,4.10180855140756e-12
11.600000000000003,1.998845796829192e-14,2.6895223982407155e-12,3.6046360801821593e-16,1.4158856569931376e-12,4.125756976810163e-12
11.500000000000004,2.1207233343246413e-14,2.697935561871194e-12,3.867026300416089e-16,1.4304549078870567e-12,4.149984405731538e-12
11.400000000000004,2.249433473897972e-14,2.7063703691655746e-12,4.1507085875237166e-16,1.4451996114072152e-12,4.174479386170522e-12
11.300000000000004,2.3857010733010835e-14,2.7148227800146115e-12,4.457434104111951e-16,1.4601188694340547e-12,4.199244403592088e-12
11.200000000000005,2.5299607499173622e-14,2.723291692561583e-12,4.789129049255242e-16,1.4752116599132716e-12,4.224281872878954e-12
11.100000000000005,2.6826802305397244e-14,2.731773498687258e-12,5.147887386776587e-16,1.4904769832273332e-12,4.249592072958666e-12
11.000000000000005,2.8443603960241673e-14,2.740267741326812e-12,5.535999561472884e-16,1.5059151309639009e-12,4.275180076207102e-12
10.900000000000006,3.016678957237845e-14,2.748771965161566e-12,5.955947120806081e-16,1.521526132447153e-12,4.301060481893178e-12
10.800000000000006,3.1959010438731075e-14,2.75728432200781e-12,6.410445031503308e-16,1.5373106611235224e-12,4.327195038073214e-12
10.700000000000006,3.387781163000527e-14,2.765804712646348e-12,6.902446408285216e-16,1.5532692839705273e-12,4.353642052887709e-12
10.600000000000007,3.590080535955278e-14,2.7743309493930083e-12,7.43516583261644e-16,1.5694027734210981e-12,4.380378044756921e-12
10.500000000000007,3.8063433390966506e-14,2.7828609886835713e-12,8.012097592109441e-16,1.5857119838228246e-12,4.407437615656573e-12
10.400000000000007,4.031489755978563e-14,2.7913950049647234e-12,8.63705469316613e-16,1.6021985613887828e-12,4.434772169382609e-12
10.300000000000008,4.272048238097398e-14,2.7999309184775665e-12,9.314183973892831e-16,1.6188624673252624e-12,4.462445286581192e-12
10.200000000000008,4.5258865812898983e-14,2.8084678191152974e-12,1.004799748205204e-15,1.635705370185792e-12,4.490436854862193e-12
10.100000000000009,4.7937992346620115e-14,2.8170047547111976e-12,1.084341239047953e-15,1.6527286237558995e-12,4.5187557120527655e-12
10.000000000000009,5.07969481713877e-14,2.825539948866709e-12,1.170578357768168e-15,1.669933228147852e-12,4.547440703543717e-12
9.90000000000001,5.3814774498023053e-14,2.8340719097446215e-12,1.2640935606878303e-15,1.687319341469402e-12,4.5764701192727346e-12
9.80000000000001,5.700084247924795e-14,2.8426008293263312e-12,1.3655228989931634e-15,1.7048899130918715e-12,4.605857107796444e-12
9.70000000000001,6.036494523665899e-14,2.8511242749402274e-12,1.4755573848956865e-15,1.7226449487798561e-12,4.635609726341638e-12
9.60000000000001,6.391743224699067e-14,2.8596417677338592e-12,1.5949505290950195e-15,1.740586100178803e-12,4.665740250688748e-12
9.50000000000001,6.766916416831169e-14,2.8681508673767464e-12,1.7245234200732623e-15,1.7587145919552993e-12,4.69625914692043e-12
9.400000000000011,7.166640530708696e-14,2.876655535445182e-12,1.8651704092380588e-15,1.7770317271067512e-12,4.727218838268258e-12
9.300000000000011,7.588811144470827e-14,2.885147494134865e-12,2.017865606424376e-15,1.7955385535311181e-12,4.758592024717115e-12
9.200000000000012,8.034718010540942e-14,2.8936276599777804e-12,2.1836720199788825e-15,1.814236478049899e-12,4.790394990153068e-12
9.100000000000012,8.5057198817537e-14,2.9020991290239516e-12,2.363747004671697e-15,1.8331268625595264e-12,4.822646937405686e-12
9.000000000000012,9.003246688218082e-14,2.9105563778212384e-12,2.5593514337086795e-15,1.852211260416883e-12,4.855359456554011e-12
8.900000000000013,9.532770822454431e-14,2.9189999868823158e-12,2.7718621443411888e-15,1.871490585605166e-12,4.888590142856367e-12
8.800000000000013,1.0088072065306315e-13,2.9274272228302404e-12,3.0027769458681126e-15,1.8909662356578165e-12,4.922276956086988e-12
8.700000000000014,1.0678882073736706e-13,2.9358390360911955e-12,3.2537311493892386e-15,1.910640159616001e-12,4.956521747593953e-12
8.600000000000014,1.1298705405901844e-13,2.9442352592886305e-12,3.52650659091408e-15,1.9305131120329202e-12,4.991261931971483e-12
8.500000000000014,1.1957942952027078e-13,2.952613927104231e-12,3.823047561001944e-15,1.9505865577757212e-12,5.026602961961225e-12
8.400000000000015,1.2654391920977366e-13,2.9609733031494396e-12,4.1454737988603e-15,1.9708624076782912e-12,5.0625251038363646e-12
8.300000000000015,1.3390152113385875e-13,2.969313152392372e-12,4.4960962295025535e-15,1.9913415552625036e-12,5.099052325018237e-12
8.200000000000015,1.4172341386427385e-13,2.977630483354658e-12,4.877435926807597e-15,2.0120259860467083e-12,5.136257319192447e-12
8.100000000000016,1.4993668963300107e-13,2.9859294001531173e-12,5.292243316718682e-15,2.032917102976573e-12,5.17407543607941e-12
8.000000000000016,1.586134822203821e-13,2.994204258369074e-12,5.743519378675984e-15,2.0540165981522015e-12,5.212577858120334e-12
7.900000000000016,1.6783390317778392e-13,3.0024575797216874e-12,6.2345365466997645e-15,2.0753255422113474e-12,5.251851561657518e-12
7.800000000000017,1.7757513095380533e-13,3.010685431126978e-12,6.768864597162648e-15,2.096845951950852e-12,5.291875378628798e-12
7.700000000000017,1.8780867419774537e-13,3.0188910113480303e-12,7.350401148942991e-15,2.1185795647265212e-12,5.33262965142124e-12
7.600000000000017,1.9867911169168633e-13,3.0270709532652002e-12,7.983400127981989e-15,2.140528279317148e-12,5.374261744402016e-12
7.500000000000018,2.101631789228036e-13,3.0352255942467485e-12,8.672500199874852e-15,2.1626933409690156e-12,5.416754614338442e-12
7.400000000000018,2.2229531417455575e-13,3.043353436574528e-12,9.422765570345136e-15,2.185076654049334e-12,5.460148170368763e-12
7.3000000000000185,2.3511196466304077e-13,3.051456207151925e-12,1.0239726577472538e-14,2.207680604055937e-12,5.5044885024483755e-12
7.200000000000019,2.486514753496352e-13,3.0595321312870836e-12,1.1129415936574006e-14,2.2305070012036167e-12,5.54982002377691e-12
7.100000000000019,2.6295438028791454e-13,3.067580329239921e-12,1.2098419495199178e-14,2.2535572275725983e-12,5.596190356595633e-12
7.0000000000000195,2.781377519055846e-13,3.075601935262493e-12,1.3153928734778797e-14,2.2768342628035152e-12,5.643727878706372e-12
6.90000000000002,2.941010353563634e-13,3.0835963258027636e-12,1.430379606385303e-14,2.300339800318241e-12,5.692340957541221e-12
6.80000000000002,3.1096344097525695e-13,3.0915638389668857e-12,1.5556592006620837e-14,2.324075833761039e-12,5.742159705709802e-12
6.700000000000021,3.288584239732025e-13,3.0995027214462364e-12,1.6921686879112507e-14,2.3480448491856606e-12,5.793327681484212e-12
6.600000000000021,3.4776243339067745e-13,3.107415468381176e-12,1.8409287624038775e-14,2.3722493166946156e-12,5.845836506090508e-12
6.500000000000021,3.676423852557668e-13,3.115300008297634e-12,2.0030576174103348e-14,2.3966913075725016e-12,5.899664277300006e-12
6.400000000000022,3.887337406425346e-13,3.123157873677373e-12,2.1797730406587122e-14,2.421373972600468e-12,5.9550633173269625e-12
6.300000000000022,4.1101323007872586e-13,3.130988705624505e-12,2.3724087223578483e-14,2.446299533530443e-12,6.012025556457252e-12
6.200000000000022,4.3444670033319904e-13,3.1387935915747065e-12,2.582417681334568e-14,2.47147042319296e-12,6.070534891914211e-12
6.100000000000023,4.593016657485632e-13,3.1465725629829954e-12,2.8113903088836088e-14,2.4968895670864516e-12,6.130877698906846e-12
6.000000000000023,4.855554926930863e-13,3.154325728602478e-12,3.061063144960637e-14,2.5225602704903578e-12,6.193052123235529e-12
5.9000000000000234,5.132864065410525e-13,3.1620527723857625e-12,3.333332596695021e-14,2.548485017498444e-12,6.25715752239221e-12
5.800000000000024,5.425771850949883e-13,3.1697561115491302e-12,3.630273616238818e-14,2.574667335463117e-12,6.323303368269624e-12
5.700000000000024,5.735149855486622e-13,3.1774367233826434e-12,3.9541493590783956e-14,2.601109967772625e-12,6.3916031702947145e-12
5.6000000000000245,6.061920217225586e-13,3.185093755275005e-12,4.307435865723411e-14,2.6278164033730345e-12,6.462176539027832e-12
5.500000000000025,6.407055995981594e-13,3.1927290569613276e-12,4.692838085596656e-14,2.654790238601055e-12,6.535153276016509e-12
5.400000000000025,6.771584405455626e-13,3.2003443832958563e-12,5.1133143410293986e-14,2.6820359038249896e-12,6.610671871076702e-12
5.300000000000026,7.158032354817801e-13,3.2079376191723543e-12,5.5720949832176766e-14,2.709552962775072e-12,6.6890147672613836e-12
5.200000000000026,7.564722301879309e-13,3.2155134161964842e-12,6.072714065610875e-14,2.737351090305556e-12,6.77006387734608e-12
5.100000000000026,7.994249536931504e-13,3.2230715672138147e-12,6.619035783082204e-14,2.7654293446346443e-12,6.854116223372431e-12
5.000000000000027,8.447890471765019e-13,3.2306136225467675e-12,7.215276994870178e-14,2.793793946574427e-12,6.941349386246399e-12
4.900000000000027,8.928695076210868e-13,3.2381395626887122e-12,7.866059505248737e-14,2.822449588317417e-12,7.032119253679704e-12
4.800000000000027,9.43476126214957e-13,3.245651254086829e-12,8.576426508218338e-14,2.85139759264728e-12,7.12628923803125e-12
4.700000000000028,9.97107202137933e-13,3.2531513617133905e-12,9.35190270171004e-14,2.880645463409996e-12,7.224423054278421e-12
4.600000000000028,1.0535602537983921e-12,3.2606407235272297e-12,1.0198521373662476e-13,2.9101977354121555e-12,7.326383926474402e-12
4.500000000000028,1.11338109467055e-12,3.268120393563198e-12,1.1122881261654037e-13,2.940053829570718e-12,7.432784130421007e-12
4.400000000000029,1.1763542151591033e-12,3.275591748816624e-12,1.2132204215109948e-13,2.9702243205459098e-12,7.543492326672736e-12
4.300000000000029,1.2430779666511653e-12,3.2830573046059093e-12,1.323438613918465e-13,3.0007143608436073e-12,7.659193493492527e-12
4.2000000000000295,1.3133227764929775e-12,3.2905183483474655e-12,1.443806915457291e-13,3.0315238763637912e-12,7.779745692749962e-12
4.10000000000003,1.3877447090189443e-12,3.297975633723262e-12,1.575269264125479e-13,3.062660516928847e-12,7.905907786083602e-12
4.00000000000003,1.4663482626905433e-12,3.3054336777917775e-12,1.7188609182939522e-13,3.0941316494860228e-12,8.037799681797739e-12
3.90000000000003,1.549107863402727e-12,3.3128910671159875e-12,1.8757113199292966e-13,3.1259377067351253e-12,8.17550776924677e-12
3.80000000000003,1.636778775981303e-12,3.3203506922887946e-12,2.047057931209619e-13,3.1580887041731876e-12,8.319923965564248e-12
3.70000000000003,1.7293754601827152e-12,3.327816788700725e-12,2.2342562730277703e-13,3.190589437620687e-12,8.471207313806904e-12
3.60000000000003,1.827172912807757e-12,3.335286367186194e-12,2.438785320383925e-13,3.22344304404369e-12,8.629780856076034e-12
3.5000000000000298,1.9301564716219025e-12,3.3427651994659644e-12,2.6622677097992466e-13,3.25665759385905e-12,8.795806035926842e-12
3.4000000000000297,2.039237641712603e-12,3.350254937236219e-12,2.906480276065846e-13,3.2902409555339095e-12,8.970381562089317e-12
3.3000000000000296,2.15444618335453e-12,3.3577555901862435e-12,3.173360032344446e-13,3.3241943218399143e-12,9.153732098615133e-12
3.2000000000000295,2.2761284574784214e-12,3.3652715624744547e-12,3.4650375631825193e-13,3.35852731134531e-12,9.346431087616437e-12
3.1000000000000294,2.404646624038246e-12,3.372801563934441e-12,3.783836945382099e-13,3.3932440394634825e-12,9.549075921974381e-12
3.0000000000000293,2.5403874535824926e-12,3.380351437474504e-12,4.132306502553685e-13,3.4283546984232644e-12,9.762324239735628e-12
2.900000000000029,2.683355146747678e-12,3.387919798338296e-12,4.513232345815236e-13,3.463860736073822e-12,9.98645891574132e-12
2.800000000000029,2.8347631654670283e-12,3.3955109170380623e-12,4.929669642837995e-13,3.4997751201675792e-12,1.0223016166956468e-11
2.700000000000029,2.9946815348566636e-12,3.40312646824839e-12,5.384961418851156e-13,3.536098624272237e-12,1.0472402769262406e-11
2.600000000000029,3.163588362986673e-12,3.4107655461606164e-12,5.882764619509811e-13,3.5728403970205118e-12,1.0735470768118782e-11
2.500000000000029,3.3419923963845027e-12,3.418433421047488e-12,6.427088391355603e-13,3.6100109262444327e-12,1.1013145582811984e-11
2.4000000000000288,3.530427954556614e-12,3.42613181385379e-12,7.022322518300321e-13,3.64761140449841e-12,1.1306403424738848e-11
2.3000000000000287,3.729458887581862e-12,3.433859601336982e-12,7.673267195734515e-13,3.685654089044304e-12,1.1616299297536598e-11
2.2000000000000286,3.939685378865644e-12,3.4416231207500658e-12,8.385192815557285e-13,3.724141222998559e-12,1.1943969004169998e-11
2.1000000000000285,4.1623086724388355e-12,3.4494207302586554e-12,9.163862390800666e-13,3.763086062966504e-12,1.2291201704744061e-11
2.0000000000000284,4.396880311152929e-12,3.457255840229931e-12,1.0015586615783332e-12,3.802493853234609e-12,1.2658188666195803e-11
1.9000000000000283,4.6446498371034104e-12,3.4651289700633825e-12,1.0947284697877842e-12,3.842369247787556e-12,1.3046876524742133e-11
1.8000000000000282,4.906365509867653e-12,3.4730439734520484e-12,1.1966531941902705e-12,3.882723683479306e-12,1.3458786360989279e-11
1.7000000000000282,5.182813190667237e-12,3.481001069140504e-12,1.3081631835133584e-12,3.923564759258871e-12,1.389554220257997e-11
1.600000000000028,5.4748248981617566e-12,3.489002710777452e-12,1.4301675233817915e-12,3.964898493480653e-12,1.4358893625801654e-11
1.500000000000028,5.78328011652173e-12,3.497050367875277e-12,1.5636622380478067e-12,4.0067372126477494e-12,1.4850729935092566e-11
1.4000000000000279,6.109107876998816e-12,3.5051452460252864e-12,1.7097394542229255e-12,4.049084056709057e-12,1.5373076633956084e-11
1.3000000000000278,6.454109799770883e-12,3.513288854484638e-12,1.869594635402279e-12,4.09194868357926e-12,1.592894197323706e-11
1.2000000000000277,6.81772272977825e-12,3.5214831905510394e-12,2.0445384306967347e-12,4.135343335850621e-12,1.6519087686876645e-11
1.1000000000000276,7.201827127991437e-12,3.5297299151998114e-12,2.236007649679652e-12,4.179269006037275e-12,1.7146833698908175e-11
1.0000000000000275,7.607581488539275e-12,3.5380298891329668e-12,2.4455758684115595e-12,4.223741285996176e-12,1.7814928532079976e-11
0.9000000000000276,8.036212812115556e-12,3.5463862216753257e-12,2.6749684854387368e-12,4.268768132642841e-12,1.852633565187246e-11
0.8000000000000276,8.490042428722502e-12,3.554797536114447e-12,2.926075593573715e-12,4.314354783489561e-12,1.9285270341900225e-11
0.7000000000000276,8.968428627715552e-12,3.563266566879109e-12,3.20096966720439e-12,4.360512156604875e-12,2.0093177018403926e-11
0.6000000000000276,9.473800979212253e-12,3.5717953314244407e-12,3.5019218398826606e-12,4.4072473404354074e-12,2.095476549095476e-11
0.5000000000000276,1.0008870520743422e-11,3.580384892501827e-12,3.8314217626627826e-12,4.454570869751886e-12,2.1875248045659917e-11
0.40000000000002767,1.0572942979929016e-11,3.5890350215156618e-12,4.1921983795360256e-12,4.502493152916922e-12,2.2856669533897628e-11
0.3000000000000277,1.1168856998133925e-11,3.5977484073199943e-12,4.5872444186233675e-12,4.551019369589458e-12,2.3904869193666746e-11
0.20000000000002768,1.1798412192317366e-11,3.606525407972473e-12,5.019839346815866e-12,4.6001648916494256e-12,2.502494183875513e-11
0.10000000000002768,1.2464940988640001e-11,3.615366549882505e-12,5.493580401557271e-12,4.6499318046420455e-12,2.6223819744721823e-11
0.0,1.3167682603660355e-11,3.624275452701359e-12,6.0124104203065385e-12,4.700338778492788e-12,2.7504707255161042e-11
