name,mass_kg,mass_unc_kg,radius_m,radius_unc_m,distance_m,albedo,star_age_Gyr,luminosity_W,mean_density_kg_m3,primary_body,f_sil_estimated,T_surface_K,T_bio_K
Mercury,3.30E+23,2.10E+19,2439400,100,57900000000,0.119,4.6,3.83E+26,5428.9,Sun,1,440,440
Venus,4.87E+24,2.30E+20,6051800,1000,1.082E+11,0.75,4.6,3.83E+26,5243,Sun,1,735,735
Earth,5.97E+24,2.80E+20,6371008.4,0.1,1.496E+11,0.29,4.6,3.83E+26,5513.4,Sun,1,288,288
Moon,7.35E+22,8.81E+17,1737400,100,1.496E+11,0.113,4.6,3.83E+26,3344,Earth,1,250,250
Mars,6.42E+23,3.00E+19,3389500,200,2.28E+11,0.16,4.6,3.83E+26,3934,Sun,1,210,210
Jupiter,1.90E+27,8.80E+22,69911000,6000,7.785E+11,0.343,4.6,3.83E+26,1326.2,Sun,1,165,165
Saturn,5.68E+26,2.60E+22,58232000,6000,1.432E+12,0.342,4.6,3.83E+26,687.1,Sun,1,134,134
Uranus,8.68E+25,4.00E+21,25362000,7000,2.867E+12,0.29,4.6,3.83E+26,1270,Sun,1,76,76
Neptune,1.02E+26,4.80E+21,24622000,19000,4.515E+12,0.31,4.6,3.83E+26,1638,Sun,1,72,72
Pluto,1.30E+22,2.70E+19,1188300,1600,5.9064E+12,0.41,4.6,3.83E+26,1850,Sun,1,44,44
Io,8.93E+22,1.07E+18,1821500,500,7.785E+11,0.52,4.6,3.83E+26,3527.6,Jupiter,1,110,110
Europa,4.80E+22,5.75E+17,1560800,300,7.785E+11,0.55,4.6,3.83E+26,3013,Jupiter,1,100,270
Ganymede,1.48E+23,1.78E+18,2631200,1700,7.785E+11,0.35,4.6,3.83E+26,1941.6,Jupiter,1,110,270
Callisto,1.08E+23,1.29E+18,2410300,1500,7.785E+11,0.19,4.6,3.83E+26,1834,Jupiter,1,120,250
Mimas,3.75E+19,4.49665E+14,198666.6667,400,1.432E+12,0.49,4.6,3.83E+26,1150.1,Saturn,1,64,64
Enceladus,1.08E+20,1.29509E+15,252000,200,1.432E+12,0.81,4.6,3.83E+26,1609.7,Saturn,1,75,273
Tethys,6.18E+20,7.40259E+15,530666.6667,600,1.432E+12,0.67,4.6,3.83E+26,984,Saturn,1,86,86
Dione,1.10E+21,1.31E+16,561333.3333,400,1.432E+12,0.63,4.6,3.83E+26,1478.1,Saturn,1,87,87
Rhea,2.31E+21,2.77E+16,763333.3333,600,1.432E+12,0.57,4.6,3.83E+26,1237.2,Saturn,1,76,76
Titan,1.35E+23,1.61E+18,2575500,20,1.432E+12,0.248,4.6,3.83E+26,1881.4,Saturn,1,94,176
Iapetus,1.81E+21,2.16E+16,734666.6667,2800,1.432E+12,0.31,4.6,3.83E+26,1088.7,Saturn,1,90,90
Miranda,6.44E+19,7.72346E+14,235700,700,2.867E+12,0.2,4.6,3.83E+26,1178,Uranus,1,60,60
Ariel,1.25E+21,1.50E+16,578900,600,2.867E+12,0.23,4.6,3.83E+26,1539,Uranus,1,60,60
Umbriel,1.28E+21,1.53E+16,584700,2800,2.867E+12,0.1,4.6,3.83E+26,1523,Uranus,1,61,61
Titania,3.40E+21,4.08E+16,788900,1800,2.867E+12,0.17,4.6,3.83E+26,1653,Uranus,1,70,70
Oberon,3.08E+21,3.69E+16,761400,2600,2.867E+12,0.14,4.6,3.83E+26,1664,Uranus,1,70,70
Triton,2.14E+22,2.57E+17,1353400,2400,4.515E+12,0.81,4.6,3.83E+26,2064.9,Neptune,1,38,38
Charon,1.59E+21,1.90E+16,606000,500,5.9064E+12,0.25,4.6,3.83E+26,1701.8,Pluto,1,53,53
