orbiter,orbitee,orbitee_mass_kg,orbiter_radius_m,k2_Q_est,k2_Q_meas,semi_major_axis_m,eccentricity,orbital_period_s,age_s
Moon,Earth,5.97e+24,1737500.0,0.006,0.0006415733333333334,384400000,0.055,2360620.8,143488800000000000
Mercury,Sun,1.989e+30,2439500.0,0.006,0.00902,57900000000,0.206,7600668.674849279,143488800000000000
Venus,Sun,1.989e+30,6052000.0,0.006,0.0059,108200000000,0.007,19414467.970435586,143488800000000000
Earth,Sun,1.989e+30,6378000.0,0.006,0.0010785714285714285,149600000000,0.017,31558667.511260156,143488800000000000
Moon,Sun,1.989e+30,1737500.0,0.006,--,149600000000,0.055,31558667.511260156,143488800000000000
Mars,Sun,1.989e+30,3396000.0,0.006,0.0017386934673366834,228000000000,0.094,59356011.253155835,143488800000000000
Jupiter,Sun,1.989e+30,71492000.0,2.9999999999999997e-05,1.102e-05,778500000000,0.049,374361808.703616,143488800000000000
Saturn,Sun,1.989e+30,60268000.0,2.9999999999999997e-05,0.000159,1432000000000,0.052,929307628.4677632,143488800000000000
Uranus,Sun,1.989e+30,25559000.0,2.9999999999999997e-05,--,2867000000000,0.047,2651413573.662566,143488800000000000
Neptune,Sun,1.989e+30,24764000.0,2.9999999999999997e-05,--,4515000000000,0.01,5200503987.852288,143488800000000000
Pluto,Sun,1.989e+30,1188000.0,0.006,--,5906400000000,0.244,7823909226.504959,143488800000000000
io,Jupiter,1.898e+27,1821500.0,0.006,0.015,421800000,0.004,152300.0448,143488800000000000
Europa,Jupiter,1.898e+27,1560800.0,0.006,--,671100000,0.009,304600.0032,143488800000000000
ganymede,Jupiter,1.898e+27,2631200.0,0.006,--,1070400000,0.001,618242.8032,143488800000000000
callisto,Jupiter,1.898e+27,2410300.0,0.006,--,1882700000,0.007,1442054.0159999998,143488800000000000
Mimas,Saturn,5.68e+26,198666.66666666663,0.006,--,185520000,0.0202,81425.2608,143488800000000000
Enceladus,Saturn,5.68e+26,252000.0,0.006,--,238400000,0.005,118386.8352,143488800000000000
Tethys,Saturn,5.68e+26,530666.6666666666,0.006,--,294660000,0.0001,163106.09279999998,143488800000000000
Dione,Saturn,5.68e+26,561333.3333333334,0.006,--,377400000,0.0022,236469.5424,143488800000000000
rhea,Saturn,5.68e+26,763333.3333333334,0.006,--,527040000,0.001,390312.2592,143488800000000000
titan,Saturn,5.68e+26,2575500.0,0.006,0.011779999999999999,1221870000,0.0292,1377686.7072,143488800000000000
iapetus,Saturn,5.68e+26,734666.6666666666,0.006,--,3560850000,0.0283,6854198.5728,143488800000000000
Miranda,Uranus,8.68e+25,235700.00000000003,0.006,--,129900000,0.0013,122150.9376,143488800000000000
Ariel,Uranus,8.68e+25,578900.0,0.006,--,190900000,0.0012,217786.752,143488800000000000
Umbriel,Uranus,8.68e+25,584700.0,0.006,--,266000000,0.004,358088.94720000005,143488800000000000
Titania,Uranus,8.68e+25,788900.0,0.006,--,436300000,0.0011,752236.7616,143488800000000000
Oberon,Uranus,8.68e+25,761400.0,0.006,--,583500000,0.0014,1163255.5584,143488800000000000
Triton,Neptune,1.0199999999999999e+26,1353400.0,0.006,--,354760000,1.6e-05,507772.2816,143488800000000000
Charon,Pluto,1.3e+22,606000.0,0.006,--,19596000,0.0002,551856.0671999999,143488800000000000
Earth,Moon,7e+22,6378000.0,0.006,--,384400000,0.055,2360620.8,143488800000000000
Jupiter,io,8.932e+22,71492000.0,2.9999999999999997e-05,1.102e-05,421800000,0.004,152300.0448,143488800000000000
Jupiter,Europa,4.8e+22,71492000.0,2.9999999999999997e-05,1.102e-05,671100000,0.009,304600.0032,143488800000000000
Jupiter,ganymede,1.4819e+23,71492000.0,2.9999999999999997e-05,1.102e-05,1070400000,0.001,618242.8032,143488800000000000
Jupiter,callisto,1.0759e+23,71492000.0,2.9999999999999997e-05,1.102e-05,1882700000,0.007,1442054.0159999998,143488800000000000
Saturn,Mimas,3.79e+19,60268000.0,2.9999999999999997e-05,0.000159,186000000,0.0202,81425.2608,143488800000000000
Saturn,Enceladus,1.08e+20,60268000.0,2.9999999999999997e-05,0.000159,238400000,0.005,118386.8352,143488800000000000
Saturn,Tethys,6.18e+20,60268000.0,2.9999999999999997e-05,0.000159,294660000,0.0001,163106.09279999998,143488800000000000
Saturn,Dione,1.1e+21,60268000.0,2.9999999999999997e-05,0.000159,377400000,0.0022,236469.5424,143488800000000000
Saturn,rhea,2.31e+21,60268000.0,2.9999999999999997e-05,0.000159,527040000,0.001,390312.2592,143488800000000000
Saturn,titan,1.3455e+23,60268000.0,2.9999999999999997e-05,0.000159,1221870000,0.0292,1377686.7072,143488800000000000
Saturn,iapetus,1.81e+21,60268000.0,2.9999999999999997e-05,0.000159,3560850000,0.0283,6854198.5728,143488800000000000
Uranus,Miranda,6.6e+19,25559000.0,2.9999999999999997e-05,--,129900000,0.0013,122150.9376,143488800000000000
Uranus,Ariel,1.29e+21,25559000.0,2.9999999999999997e-05,--,190900000,0.0012,217786.752,143488800000000000
Uranus,Umbriel,1.22e+21,25559000.0,2.9999999999999997e-05,--,266000000,0.004,358088.94720000005,143488800000000000
Uranus,Titania,3.42e+21,25559000.0,2.9999999999999997e-05,--,436300000,0.0011,752236.7616,143488800000000000
Uranus,Oberon,2.88e+21,25559000.0,2.9999999999999997e-05,--,583500000,0.0014,1163255.5584,143488800000000000
Neptune,Triton,2.14e+22,24764000.0,2.9999999999999997e-05,--,354800000,1.6e-05,507772.2816,143488800000000000
Pluto,Charon,1.586e+21,1188000.0,0.006,--,19596000,0.0002,551856.0671999999,143488800000000000
